User Input,Chatbot Response,Timestamp
hello,Hi there,2024-09-10 01:21:51
how are you ,My purpose is to assist you,2024-09-10 01:21:57
weather ,"I'm sorry, I cannot provide real-time weather information.",2024-09-10 01:22:20
How do I create a budget,"To make a budget, start by tracking your income and expenses. Then, allocate your income towards essential expenses like rent, food, and bills. Next, allocate some of your income towards savings and debt repayment. Finally, allocate the remainder of your income towards discretionary expenses like entertainment and hobbies.",2024-09-10 01:22:30
Today is a nice weather,"I'm sorry, I cannot provide real-time weather information.",2024-10-03 08:29:52
How's the weather today,"I'm sorry, I cannot provide real-time weather information.",2024-10-03 08:30:47
Hi,Hello,2024-10-03 08:30:56
hlo,Growing a vegetable garden allows you to enjoy fresh produce and connect with nature.,2024-12-01 22:15:09
hi,Hey,2024-12-01 22:15:20
hello,"I'm fine, thank you",2024-12-01 22:15:26
what is your name,My purpose is to assist you,2024-12-01 22:15:40
artifical ,"Gardening tips include choosing the right plants for your climate, watering properly, and using organic fertilizers.",2024-12-01 22:29:23
Tell me about artificial intelligence,"Developing emotional intelligence involves self-awareness, empathy, effective communication, and emotional regulation.",2024-12-01 22:29:47
Tell me about artificial intelligence,Artificial Intelligence (AI) refers to the simulation of human intelligence in machines that are programmed to think and learn.,2024-12-01 22:41:41
Tell me about artificial intelligence,"AI is used in various fields such as healthcare, finance, transportation, and entertainment.",2024-12-02 12:34:53
Benefits of freelancing,Freelancing involves offering your services to clients on a project basis without being tied to a long-term employer.,2024-12-02 12:37:50
Tell me about artificial intelligence,Artificial Intelligence (AI) refers to the simulation of human intelligence in machines that are programmed to think and learn.,2024-12-08 14:46:42
Tell me about web development,"Web development involves creating and maintaining websites, including front-end, back-end, and full-stack development.",2024-12-11 20:58:30
artifical,"AI works through algorithms that process data, recognize patterns, and make decisions or predictions.",2024-12-11 20:58:46
What's your favorite color,"Reading books can broaden your knowledge, enhance creativity, and provide a great way to relax.",2024-12-11 21:00:28
Tell me about freelancing,Freelancing involves offering your services to clients on a project basis without being tied to a long-term employer.,2024-12-11 21:00:54
Do you have a name,You can call me Chatbot.,2024-12-11 21:01:21
Do you have any pets,"As an AI, I don't have pets, but I'm interested in animals and can answer your questions about them.",2024-12-11 21:01:40
What are the best PC games?,Genshin Impactâ€™s new update introduces a new region and characters. Check out the full details online!,2024-12-12 14:02:33
gaming,Hereâ€™s a trivia question: What year was the original PlayStation released?,2024-12-12 21:16:45
